class,scorer,epoch,AUROC
fan,cos-residual,2,56.041
fan,cos-residual,4,60.193
fan,cos-residual,6,57.78
fan,cos-residual,8,58.526
fan,cos-residual,10,58.998
fan,cos-residual,12,58.694
fan,cos-residual,14,58.482
fan,cos-residual,16,58.672
fan,cos-residual,18,58.265
fan,cos-residual,20,58.231
fan,cos-residual,22,58.094
fan,cos-residual,24,57.947
fan,cos-residual,26,57.775
fan,cos-residual,28,58.015
fan,cos-residual,30,57.695
fan,cos-residual,32,57.558
fan,cos-residual,34,57.442
fan,cos-residual,36,57.121
fan,cos-residual,38,57.335
fan,cos-residual,40,57.433
fan,cos-residual,42,57.063
fan,cos-residual,44,57.26
fan,cos-residual,46,57.202
fan,cos-residual,48,57.209
fan,cos-residual,50,57.284
fan,student-maha,2,57.333
fan,student-maha,4,60.307
fan,student-maha,6,57.663
fan,student-maha,8,57.108
fan,student-maha,10,56.609
fan,student-maha,12,56.859
fan,student-maha,14,56.891
fan,student-maha,16,57.486
fan,student-maha,18,57.488
fan,student-maha,20,57.47
fan,student-maha,22,57.488
fan,student-maha,24,57.619
fan,student-maha,26,56.851
fan,student-maha,28,57.357
fan,student-maha,30,57.698
fan,student-maha,32,57.6
fan,student-maha,34,57.948
fan,student-maha,36,57.325
fan,student-maha,38,57.527
fan,student-maha,40,57.486
fan,student-maha,42,57.468
fan,student-maha,44,57.46
fan,student-maha,46,57.342
fan,student-maha,48,57.306
fan,student-maha,50,57.344
fan,student-knn,2,55.946
fan,student-knn,4,60.361
fan,student-knn,6,57.491
fan,student-knn,8,57.366
fan,student-knn,10,57.571
fan,student-knn,12,57.093
fan,student-knn,14,57.556
fan,student-knn,16,57.839
fan,student-knn,18,57.757
fan,student-knn,20,58.046
fan,student-knn,22,57.689
fan,student-knn,24,58.252
fan,student-knn,26,58.025
fan,student-knn,28,58.238
fan,student-knn,30,58.233
fan,student-knn,32,58.371
fan,student-knn,34,58.742
fan,student-knn,36,57.935
fan,student-knn,38,58.043
fan,student-knn,40,58.211
fan,student-knn,42,58.306
fan,student-knn,44,58.34
fan,student-knn,46,58.217
fan,student-knn,48,58.258
fan,student-knn,50,58.241
fan,teacher-maha,2,58.441
fan,teacher-maha,4,58.441
fan,teacher-maha,6,58.441
fan,teacher-maha,8,58.441
fan,teacher-maha,10,58.441
fan,teacher-maha,12,58.441
fan,teacher-maha,14,58.441
fan,teacher-maha,16,58.441
fan,teacher-maha,18,58.441
fan,teacher-maha,20,58.441
fan,teacher-maha,22,58.441
fan,teacher-maha,24,58.441
fan,teacher-maha,26,58.441
fan,teacher-maha,28,58.441
fan,teacher-maha,30,58.441
fan,teacher-maha,32,58.441
fan,teacher-maha,34,58.441
fan,teacher-maha,36,58.441
fan,teacher-maha,38,58.441
fan,teacher-maha,40,58.441
fan,teacher-maha,42,58.441
fan,teacher-maha,44,58.441
fan,teacher-maha,46,58.441
fan,teacher-maha,48,58.441
fan,teacher-maha,50,58.441
fan,teacher-knn,2,58.36
fan,teacher-knn,4,58.36
fan,teacher-knn,6,58.36
fan,teacher-knn,8,58.36
fan,teacher-knn,10,58.36
fan,teacher-knn,12,58.36
fan,teacher-knn,14,58.36
fan,teacher-knn,16,58.36
fan,teacher-knn,18,58.36
fan,teacher-knn,20,58.36
fan,teacher-knn,22,58.36
fan,teacher-knn,24,58.36
fan,teacher-knn,26,58.36
fan,teacher-knn,28,58.36
fan,teacher-knn,30,58.36
fan,teacher-knn,32,58.36
fan,teacher-knn,34,58.36
fan,teacher-knn,36,58.36
fan,teacher-knn,38,58.36
fan,teacher-knn,40,58.36
fan,teacher-knn,42,58.36
fan,teacher-knn,44,58.36
fan,teacher-knn,46,58.36
fan,teacher-knn,48,58.36
fan,teacher-knn,50,58.36
pump,cos-residual,2,62.757
pump,cos-residual,4,63.152
pump,cos-residual,6,63.897
pump,cos-residual,8,64.448
pump,cos-residual,10,64.416
pump,cos-residual,12,63.912
pump,cos-residual,14,63.77
pump,cos-residual,16,63.708
pump,cos-residual,18,63.122
pump,cos-residual,20,62.794
pump,cos-residual,22,62.276
pump,cos-residual,24,61.848
pump,cos-residual,26,60.973
pump,cos-residual,28,61.553
pump,cos-residual,30,60.965
pump,cos-residual,32,60.831
pump,cos-residual,34,60.261
pump,cos-residual,36,60.346
pump,cos-residual,38,60.198
pump,cos-residual,40,59.927
pump,cos-residual,42,60.288
pump,cos-residual,44,60.355
pump,cos-residual,46,60.573
pump,cos-residual,48,60.442
pump,cos-residual,50,60.515
pump,student-maha,2,73.875
pump,student-maha,4,72.783
pump,student-maha,6,75.59
pump,student-maha,8,75.453
pump,student-maha,10,76.245
pump,student-maha,12,75.936
pump,student-maha,14,76.216
pump,student-maha,16,75.996
pump,student-maha,18,75.625
pump,student-maha,20,76.346
pump,student-maha,22,76.186
pump,student-maha,24,76.476
pump,student-maha,26,76.046
pump,student-maha,28,75.732
pump,student-maha,30,75.429
pump,student-maha,32,75.425
pump,student-maha,34,75.433
pump,student-maha,36,75.371
pump,student-maha,38,75.207
pump,student-maha,40,75.121
pump,student-maha,42,75.143
pump,student-maha,44,75.296
pump,student-maha,46,74.962
pump,student-maha,48,75.075
pump,student-maha,50,75.217
pump,student-knn,2,73.806
pump,student-knn,4,74.66
pump,student-knn,6,75.723
pump,student-knn,8,76.662
pump,student-knn,10,76.717
pump,student-knn,12,76.294
pump,student-knn,14,76.459
pump,student-knn,16,75.487
pump,student-knn,18,75.667
pump,student-knn,20,75.862
pump,student-knn,22,76.455
pump,student-knn,24,76.164
pump,student-knn,26,76.139
pump,student-knn,28,75.849
pump,student-knn,30,75.533
pump,student-knn,32,75.649
pump,student-knn,34,75.536
pump,student-knn,36,75.599
pump,student-knn,38,75.404
pump,student-knn,40,75.669
pump,student-knn,42,75.459
pump,student-knn,44,75.496
pump,student-knn,46,75.379
pump,student-knn,48,75.604
pump,student-knn,50,75.616
pump,teacher-maha,2,72.06
pump,teacher-maha,4,72.06
pump,teacher-maha,6,72.06
pump,teacher-maha,8,72.06
pump,teacher-maha,10,72.06
pump,teacher-maha,12,72.06
pump,teacher-maha,14,72.06
pump,teacher-maha,16,72.06
pump,teacher-maha,18,72.06
pump,teacher-maha,20,72.06
pump,teacher-maha,22,72.06
pump,teacher-maha,24,72.06
pump,teacher-maha,26,72.06
pump,teacher-maha,28,72.06
pump,teacher-maha,30,72.06
pump,teacher-maha,32,72.06
pump,teacher-maha,34,72.06
pump,teacher-maha,36,72.06
pump,teacher-maha,38,72.06
pump,teacher-maha,40,72.06
pump,teacher-maha,42,72.06
pump,teacher-maha,44,72.06
pump,teacher-maha,46,72.06
pump,teacher-maha,48,72.06
pump,teacher-maha,50,72.06
pump,teacher-knn,2,74.886
pump,teacher-knn,4,74.886
pump,teacher-knn,6,74.886
pump,teacher-knn,8,74.886
pump,teacher-knn,10,74.886
pump,teacher-knn,12,74.886
pump,teacher-knn,14,74.886
pump,teacher-knn,16,74.886
pump,teacher-knn,18,74.886
pump,teacher-knn,20,74.886
pump,teacher-knn,22,74.886
pump,teacher-knn,24,74.886
pump,teacher-knn,26,74.886
pump,teacher-knn,28,74.886
pump,teacher-knn,30,74.886
pump,teacher-knn,32,74.886
pump,teacher-knn,34,74.886
pump,teacher-knn,36,74.886
pump,teacher-knn,38,74.886
pump,teacher-knn,40,74.886
pump,teacher-knn,42,74.886
pump,teacher-knn,44,74.886
pump,teacher-knn,46,74.886
pump,teacher-knn,48,74.886
pump,teacher-knn,50,74.886
slider,cos-residual,2,84.419
slider,cos-residual,4,85.682
slider,cos-residual,6,87.314
slider,cos-residual,8,88.006
slider,cos-residual,10,88.498
slider,cos-residual,12,88.248
slider,cos-residual,14,88.208
slider,cos-residual,16,88.305
slider,cos-residual,18,88.258
slider,cos-residual,20,88.548
slider,cos-residual,22,88.509
slider,cos-residual,24,88.709
slider,cos-residual,26,88.863
slider,cos-residual,28,89.003
slider,cos-residual,30,88.964
slider,cos-residual,32,88.965
slider,cos-residual,34,88.928
slider,cos-residual,36,88.939
slider,cos-residual,38,88.634
slider,cos-residual,40,88.613
slider,cos-residual,42,89.042
slider,cos-residual,44,89.119
slider,cos-residual,46,89.14
slider,cos-residual,48,89.083
slider,cos-residual,50,89.204
slider,student-maha,2,82.23
slider,student-maha,4,82.597
slider,student-maha,6,85.853
slider,student-maha,8,85.969
slider,student-maha,10,86.286
slider,student-maha,12,85.962
slider,student-maha,14,86.92
slider,student-maha,16,87.206
slider,student-maha,18,87.714
slider,student-maha,20,87.516
slider,student-maha,22,87.984
slider,student-maha,24,88.61
slider,student-maha,26,88.331
slider,student-maha,28,89.009
slider,student-maha,30,88.488
slider,student-maha,32,88.98
slider,student-maha,34,89.477
slider,student-maha,36,89.896
slider,student-maha,38,89.209
slider,student-maha,40,89.897
slider,student-maha,42,89.778
slider,student-maha,44,89.858
slider,student-maha,46,89.77
slider,student-maha,48,89.895
slider,student-maha,50,89.955
slider,student-knn,2,83.569
slider,student-knn,4,83.743
slider,student-knn,6,85.882
slider,student-knn,8,86.35
slider,student-knn,10,85.674
slider,student-knn,12,85.108
slider,student-knn,14,85.892
slider,student-knn,16,85.999
slider,student-knn,18,86.219
slider,student-knn,20,86.462
slider,student-knn,22,86.843
slider,student-knn,24,87.001
slider,student-knn,26,86.458
slider,student-knn,28,86.976
slider,student-knn,30,86.758
slider,student-knn,32,86.881
slider,student-knn,34,86.996
slider,student-knn,36,87.335
slider,student-knn,38,87.249
slider,student-knn,40,87.336
slider,student-knn,42,87.353
slider,student-knn,44,87.388
slider,student-knn,46,87.294
slider,student-knn,48,87.505
slider,student-knn,50,87.513
slider,teacher-maha,2,90.779
slider,teacher-maha,4,90.779
slider,teacher-maha,6,90.779
slider,teacher-maha,8,90.779
slider,teacher-maha,10,90.779
slider,teacher-maha,12,90.779
slider,teacher-maha,14,90.779
slider,teacher-maha,16,90.779
slider,teacher-maha,18,90.779
slider,teacher-maha,20,90.779
slider,teacher-maha,22,90.779
slider,teacher-maha,24,90.779
slider,teacher-maha,26,90.779
slider,teacher-maha,28,90.779
slider,teacher-maha,30,90.779
slider,teacher-maha,32,90.779
slider,teacher-maha,34,90.779
slider,teacher-maha,36,90.779
slider,teacher-maha,38,90.779
slider,teacher-maha,40,90.779
slider,teacher-maha,42,90.779
slider,teacher-maha,44,90.779
slider,teacher-maha,46,90.779
slider,teacher-maha,48,90.779
slider,teacher-maha,50,90.779
slider,teacher-knn,2,88.251
slider,teacher-knn,4,88.251
slider,teacher-knn,6,88.251
slider,teacher-knn,8,88.251
slider,teacher-knn,10,88.251
slider,teacher-knn,12,88.251
slider,teacher-knn,14,88.251
slider,teacher-knn,16,88.251
slider,teacher-knn,18,88.251
slider,teacher-knn,20,88.251
slider,teacher-knn,22,88.251
slider,teacher-knn,24,88.251
slider,teacher-knn,26,88.251
slider,teacher-knn,28,88.251
slider,teacher-knn,30,88.251
slider,teacher-knn,32,88.251
slider,teacher-knn,34,88.251
slider,teacher-knn,36,88.251
slider,teacher-knn,38,88.251
slider,teacher-knn,40,88.251
slider,teacher-knn,42,88.251
slider,teacher-knn,44,88.251
slider,teacher-knn,46,88.251
slider,teacher-knn,48,88.251
slider,teacher-knn,50,88.251
valve,cos-residual,2,57.411
valve,cos-residual,4,58.907
valve,cos-residual,6,62.079
valve,cos-residual,8,62.373
valve,cos-residual,10,64.7
valve,cos-residual,12,63.023
valve,cos-residual,14,63.006
valve,cos-residual,16,62.327
valve,cos-residual,18,62.039
valve,cos-residual,20,62.616
valve,cos-residual,22,62.441
valve,cos-residual,24,62.582
valve,cos-residual,26,62.115
valve,cos-residual,28,62.351
valve,cos-residual,30,61.698
valve,cos-residual,32,61.491
valve,cos-residual,34,61.067
valve,cos-residual,36,61.335
valve,cos-residual,38,60.829
valve,cos-residual,40,60.362
valve,cos-residual,42,61.354
valve,cos-residual,44,61.24
valve,cos-residual,46,61.433
valve,cos-residual,48,61.584
valve,cos-residual,50,61.505
valve,student-maha,2,72.599
valve,student-maha,4,70.604
valve,student-maha,6,71.31
valve,student-maha,8,70.53
valve,student-maha,10,71.018
valve,student-maha,12,71.055
valve,student-maha,14,70.61
valve,student-maha,16,71.835
valve,student-maha,18,71.684
valve,student-maha,20,71.371
valve,student-maha,22,71.908
valve,student-maha,24,71.367
valve,student-maha,26,71.445
valve,student-maha,28,72.065
valve,student-maha,30,70.887
valve,student-maha,32,71.622
valve,student-maha,34,71.183
valve,student-maha,36,71.785
valve,student-maha,38,71.428
valve,student-maha,40,71.951
valve,student-maha,42,71.441
valve,student-maha,44,71.451
valve,student-maha,46,71.482
valve,student-maha,48,71.436
valve,student-maha,50,71.364
valve,student-knn,2,72.936
valve,student-knn,4,73.927
valve,student-knn,6,72.796
valve,student-knn,8,72.239
valve,student-knn,10,72.098
valve,student-knn,12,70.859
valve,student-knn,14,71.913
valve,student-knn,16,71.886
valve,student-knn,18,71.405
valve,student-knn,20,70.939
valve,student-knn,22,70.311
valve,student-knn,24,70.489
valve,student-knn,26,70.599
valve,student-knn,28,70.847
valve,student-knn,30,70.514
valve,student-knn,32,70.485
valve,student-knn,34,70.176
valve,student-knn,36,70.787
valve,student-knn,38,70.994
valve,student-knn,40,71.241
valve,student-knn,42,70.735
valve,student-knn,44,70.783
valve,student-knn,46,70.667
valve,student-knn,48,70.662
valve,student-knn,50,70.865
valve,teacher-maha,2,70.001
valve,teacher-maha,4,70.001
valve,teacher-maha,6,70.001
valve,teacher-maha,8,70.001
valve,teacher-maha,10,70.001
valve,teacher-maha,12,70.001
valve,teacher-maha,14,70.001
valve,teacher-maha,16,70.001
valve,teacher-maha,18,70.001
valve,teacher-maha,20,70.001
valve,teacher-maha,22,70.001
valve,teacher-maha,24,70.001
valve,teacher-maha,26,70.001
valve,teacher-maha,28,70.001
valve,teacher-maha,30,70.001
valve,teacher-maha,32,70.001
valve,teacher-maha,34,70.001
valve,teacher-maha,36,70.001
valve,teacher-maha,38,70.001
valve,teacher-maha,40,70.001
valve,teacher-maha,42,70.001
valve,teacher-maha,44,70.001
valve,teacher-maha,46,70.001
valve,teacher-maha,48,70.001
valve,teacher-maha,50,70.001
valve,teacher-knn,2,69.467
valve,teacher-knn,4,69.467
valve,teacher-knn,6,69.467
valve,teacher-knn,8,69.467
valve,teacher-knn,10,69.467
valve,teacher-knn,12,69.467
valve,teacher-knn,14,69.467
valve,teacher-knn,16,69.467
valve,teacher-knn,18,69.467
valve,teacher-knn,20,69.467
valve,teacher-knn,22,69.467
valve,teacher-knn,24,69.467
valve,teacher-knn,26,69.467
valve,teacher-knn,28,69.467
valve,teacher-knn,30,69.467
valve,teacher-knn,32,69.467
valve,teacher-knn,34,69.467
valve,teacher-knn,36,69.467
valve,teacher-knn,38,69.467
valve,teacher-knn,40,69.467
valve,teacher-knn,42,69.467
valve,teacher-knn,44,69.467
valve,teacher-knn,46,69.467
valve,teacher-knn,48,69.467
valve,teacher-knn,50,69.467
ToyCar,cos-residual,2,65.89
ToyCar,cos-residual,4,71.234
ToyCar,cos-residual,6,70.318
ToyCar,cos-residual,8,71.059
ToyCar,cos-residual,10,69.807
ToyCar,cos-residual,12,69.539
ToyCar,cos-residual,14,69.724
ToyCar,cos-residual,16,70.223
ToyCar,cos-residual,18,66.704
ToyCar,cos-residual,20,67.618
ToyCar,cos-residual,22,68.114
ToyCar,cos-residual,24,65.347
ToyCar,cos-residual,26,65.511
ToyCar,cos-residual,28,64.154
ToyCar,cos-residual,30,64.524
ToyCar,cos-residual,32,64.993
ToyCar,cos-residual,34,63.767
ToyCar,cos-residual,36,63.06
ToyCar,cos-residual,38,64.204
ToyCar,cos-residual,40,62.692
ToyCar,cos-residual,42,62.499
ToyCar,cos-residual,44,62.632
ToyCar,cos-residual,46,62.362
ToyCar,cos-residual,48,62.025
ToyCar,cos-residual,50,62.472
ToyCar,student-maha,2,65.229
ToyCar,student-maha,4,68.962
ToyCar,student-maha,6,68.458
ToyCar,student-maha,8,67.88
ToyCar,student-maha,10,69.321
ToyCar,student-maha,12,69.461
ToyCar,student-maha,14,69.865
ToyCar,student-maha,16,71.539
ToyCar,student-maha,18,70.945
ToyCar,student-maha,20,71.989
ToyCar,student-maha,22,72.773
ToyCar,student-maha,24,72.377
ToyCar,student-maha,26,73.153
ToyCar,student-maha,28,74.406
ToyCar,student-maha,30,74.272
ToyCar,student-maha,32,74.008
ToyCar,student-maha,34,74.061
ToyCar,student-maha,36,74.342
ToyCar,student-maha,38,73.723
ToyCar,student-maha,40,75.371
ToyCar,student-maha,42,75.137
ToyCar,student-maha,44,75.31
ToyCar,student-maha,46,75.205
ToyCar,student-maha,48,74.954
ToyCar,student-maha,50,74.911
ToyCar,student-knn,2,62.585
ToyCar,student-knn,4,65.856
ToyCar,student-knn,6,62.721
ToyCar,student-knn,8,62.479
ToyCar,student-knn,10,63.779
ToyCar,student-knn,12,64.577
ToyCar,student-knn,14,65.253
ToyCar,student-knn,16,65.804
ToyCar,student-knn,18,66.758
ToyCar,student-knn,20,67.402
ToyCar,student-knn,22,67.631
ToyCar,student-knn,24,67.772
ToyCar,student-knn,26,68.338
ToyCar,student-knn,28,68.462
ToyCar,student-knn,30,69.069
ToyCar,student-knn,32,67.889
ToyCar,student-knn,34,68.603
ToyCar,student-knn,36,69.193
ToyCar,student-knn,38,69.445
ToyCar,student-knn,40,69.459
ToyCar,student-knn,42,69.961
ToyCar,student-knn,44,70.112
ToyCar,student-knn,46,70.064
ToyCar,student-knn,48,70.214
ToyCar,student-knn,50,69.933
ToyCar,teacher-maha,2,75.682
ToyCar,teacher-maha,4,75.682
ToyCar,teacher-maha,6,75.682
ToyCar,teacher-maha,8,75.682
ToyCar,teacher-maha,10,75.682
ToyCar,teacher-maha,12,75.682
ToyCar,teacher-maha,14,75.682
ToyCar,teacher-maha,16,75.682
ToyCar,teacher-maha,18,75.682
ToyCar,teacher-maha,20,75.682
ToyCar,teacher-maha,22,75.682
ToyCar,teacher-maha,24,75.682
ToyCar,teacher-maha,26,75.682
ToyCar,teacher-maha,28,75.682
ToyCar,teacher-maha,30,75.682
ToyCar,teacher-maha,32,75.682
ToyCar,teacher-maha,34,75.682
ToyCar,teacher-maha,36,75.682
ToyCar,teacher-maha,38,75.682
ToyCar,teacher-maha,40,75.682
ToyCar,teacher-maha,42,75.682
ToyCar,teacher-maha,44,75.682
ToyCar,teacher-maha,46,75.682
ToyCar,teacher-maha,48,75.682
ToyCar,teacher-maha,50,75.682
ToyCar,teacher-knn,2,74.138
ToyCar,teacher-knn,4,74.138
ToyCar,teacher-knn,6,74.138
ToyCar,teacher-knn,8,74.138
ToyCar,teacher-knn,10,74.138
ToyCar,teacher-knn,12,74.138
ToyCar,teacher-knn,14,74.138
ToyCar,teacher-knn,16,74.138
ToyCar,teacher-knn,18,74.138
ToyCar,teacher-knn,20,74.138
ToyCar,teacher-knn,22,74.138
ToyCar,teacher-knn,24,74.138
ToyCar,teacher-knn,26,74.138
ToyCar,teacher-knn,28,74.138
ToyCar,teacher-knn,30,74.138
ToyCar,teacher-knn,32,74.138
ToyCar,teacher-knn,34,74.138
ToyCar,teacher-knn,36,74.138
ToyCar,teacher-knn,38,74.138
ToyCar,teacher-knn,40,74.138
ToyCar,teacher-knn,42,74.138
ToyCar,teacher-knn,44,74.138
ToyCar,teacher-knn,46,74.138
ToyCar,teacher-knn,48,74.138
ToyCar,teacher-knn,50,74.138
ToyConveyor,cos-residual,2,61.416
ToyConveyor,cos-residual,4,63.043
ToyConveyor,cos-residual,6,62.576
ToyConveyor,cos-residual,8,63.963
ToyConveyor,cos-residual,10,64.341
ToyConveyor,cos-residual,12,63.923
ToyConveyor,cos-residual,14,63.297
ToyConveyor,cos-residual,16,63.069
ToyConveyor,cos-residual,18,63.481
ToyConveyor,cos-residual,20,63.738
ToyConveyor,cos-residual,22,63.743
ToyConveyor,cos-residual,24,63.193
ToyConveyor,cos-residual,26,62.576
ToyConveyor,cos-residual,28,62.911
ToyConveyor,cos-residual,30,62.742
ToyConveyor,cos-residual,32,62.824
ToyConveyor,cos-residual,34,62.252
ToyConveyor,cos-residual,36,62.077
ToyConveyor,cos-residual,38,61.697
ToyConveyor,cos-residual,40,61.732
ToyConveyor,cos-residual,42,61.979
ToyConveyor,cos-residual,44,61.854
ToyConveyor,cos-residual,46,62.021
ToyConveyor,cos-residual,48,61.931
ToyConveyor,cos-residual,50,62.019
ToyConveyor,student-maha,2,58.712
ToyConveyor,student-maha,4,60.528
ToyConveyor,student-maha,6,61.112
ToyConveyor,student-maha,8,60.709
ToyConveyor,student-maha,10,61.781
ToyConveyor,student-maha,12,62.293
ToyConveyor,student-maha,14,62.446
ToyConveyor,student-maha,16,63.364
ToyConveyor,student-maha,18,63.586
ToyConveyor,student-maha,20,64.141
ToyConveyor,student-maha,22,63.993
ToyConveyor,student-maha,24,64.207
ToyConveyor,student-maha,26,64.651
ToyConveyor,student-maha,28,64.34
ToyConveyor,student-maha,30,64.983
ToyConveyor,student-maha,32,64.289
ToyConveyor,student-maha,34,64.651
ToyConveyor,student-maha,36,64.799
ToyConveyor,student-maha,38,64.48
ToyConveyor,student-maha,40,65.437
ToyConveyor,student-maha,42,65.202
ToyConveyor,student-maha,44,65.264
ToyConveyor,student-maha,46,65.215
ToyConveyor,student-maha,48,65.13
ToyConveyor,student-maha,50,64.988
ToyConveyor,student-knn,2,56.179
ToyConveyor,student-knn,4,56.821
ToyConveyor,student-knn,6,56.969
ToyConveyor,student-knn,8,57.942
ToyConveyor,student-knn,10,58.997
ToyConveyor,student-knn,12,58.455
ToyConveyor,student-knn,14,59.042
ToyConveyor,student-knn,16,59.558
ToyConveyor,student-knn,18,59.822
ToyConveyor,student-knn,20,60.011
ToyConveyor,student-knn,22,60.138
ToyConveyor,student-knn,24,60.677
ToyConveyor,student-knn,26,61.355
ToyConveyor,student-knn,28,61.355
ToyConveyor,student-knn,30,61.837
ToyConveyor,student-knn,32,61.609
ToyConveyor,student-knn,34,61.784
ToyConveyor,student-knn,36,61.869
ToyConveyor,student-knn,38,61.606
ToyConveyor,student-knn,40,62.142
ToyConveyor,student-knn,42,62.167
ToyConveyor,student-knn,44,62.193
ToyConveyor,student-knn,46,62.201
ToyConveyor,student-knn,48,62.193
ToyConveyor,student-knn,50,62.068
ToyConveyor,teacher-maha,2,63.788
ToyConveyor,teacher-maha,4,63.788
ToyConveyor,teacher-maha,6,63.788
ToyConveyor,teacher-maha,8,63.788
ToyConveyor,teacher-maha,10,63.788
ToyConveyor,teacher-maha,12,63.788
ToyConveyor,teacher-maha,14,63.788
ToyConveyor,teacher-maha,16,63.788
ToyConveyor,teacher-maha,18,63.788
ToyConveyor,teacher-maha,20,63.788
ToyConveyor,teacher-maha,22,63.788
ToyConveyor,teacher-maha,24,63.788
ToyConveyor,teacher-maha,26,63.788
ToyConveyor,teacher-maha,28,63.788
ToyConveyor,teacher-maha,30,63.788
ToyConveyor,teacher-maha,32,63.788
ToyConveyor,teacher-maha,34,63.788
ToyConveyor,teacher-maha,36,63.788
ToyConveyor,teacher-maha,38,63.788
ToyConveyor,teacher-maha,40,63.788
ToyConveyor,teacher-maha,42,63.788
ToyConveyor,teacher-maha,44,63.788
ToyConveyor,teacher-maha,46,63.788
ToyConveyor,teacher-maha,48,63.788
ToyConveyor,teacher-maha,50,63.788
ToyConveyor,teacher-knn,2,64.157
ToyConveyor,teacher-knn,4,64.157
ToyConveyor,teacher-knn,6,64.157
ToyConveyor,teacher-knn,8,64.157
ToyConveyor,teacher-knn,10,64.157
ToyConveyor,teacher-knn,12,64.157
ToyConveyor,teacher-knn,14,64.157
ToyConveyor,teacher-knn,16,64.157
ToyConveyor,teacher-knn,18,64.157
ToyConveyor,teacher-knn,20,64.157
ToyConveyor,teacher-knn,22,64.157
ToyConveyor,teacher-knn,24,64.157
ToyConveyor,teacher-knn,26,64.157
ToyConveyor,teacher-knn,28,64.157
ToyConveyor,teacher-knn,30,64.157
ToyConveyor,teacher-knn,32,64.157
ToyConveyor,teacher-knn,34,64.157
ToyConveyor,teacher-knn,36,64.157
ToyConveyor,teacher-knn,38,64.157
ToyConveyor,teacher-knn,40,64.157
ToyConveyor,teacher-knn,42,64.157
ToyConveyor,teacher-knn,44,64.157
ToyConveyor,teacher-knn,46,64.157
ToyConveyor,teacher-knn,48,64.157
ToyConveyor,teacher-knn,50,64.157
